NAME,RESULT
ch130,6886,0.127005
d198,17568,0.113308
eil76,597,0.109665
kroA100,23940,0.124894
lin318,48814,0.161436
rat783,10565,0.19975
pcb442,59335,0.168518
pr439,128365,0.197245
u1060,255856,0.141735
fl1577,26467,0.189582
